id,product_id,content
3730507,52179836,"sao cรกch ฤรขy 3 hรดm Tiki cลฉng chแบกy khuyแบฟn mรฃi nhฦฐ nรy, bรกo thgian giรก khuyแบฟn mรฃi chแป cรฒn vรi tiแบฟng vแปi giรก 25,990K, vแบญy lร mรฌnh vแปi mua vร bรขy giแป Tiki lแบกi tiแบฟp tแปฅc chแบกy kmai nhฦฐ nรy vแปi giรก rแบป hฦกn chแป cรฒn 24,900k, mรฌnh mua vแปi cแบฃm giรกc bแป Tiki ฤรกnh lแปซa vแบญy, mรฌnh vแบซn chฦฐa nhแบญn hรng vแบญy mรฌnh cรณ thแป hแปงy ฤแป mua lแบกi vแปi giรก nรy khรดng ??"
3730507,52179836,mรฃ ฤฦกn hรng mรฌnh : 975928400
4016900,52179836,"Mรฌnh mua sแบฃn phแบฉm theo hรฌnh thแปฉc trแบฃ gรณp, nhฦฐng khรดng rรต lร do ฤรขu mร TIKI khรดng chuyแปn ฤแปi gรณi trแบฃ gรณp nรชn ฤฦกn hรng cแปงa mรฌnh ฤฦฐแปฃc xem lร mua trแบฃ bรฌnh thฦฐแปng."
4016900,52179836,"1 thรกng sau ngรy mua, BIDV rรบt nแปฃ tแปฑ ฤแปng trong tรi khoแบฃn cแปงa mรฌnh 25 triแปu."
4016900,52179836,"Sแป dฦฐ trong tรi khoแบฃn khรดng ฤแปง nรชn rรบt nแปฃ khรดng thรnh cรดng, BIDV cรฒn charge phรญ thรชm."
4016900,52179836,"Mรฌnh ฤiแปn tแปng ฤรi TIKI nhiแปu lแบงn (vรฌ chแป phแบฃn hแปi quรก lรขu), mแปi lแบงn gแบทp mแปt ngฦฐแปi ฤแปu phแบฃi brief lแบกi case cแปงa mรฌnh, nhฦฐng trแบกng thรกi kiแปm tra vแบซn lร ฤang xรกc nhแบญn lแบกi thรดng tin vแปi BIDV."
4016900,52179836,ฤแบฟn giแป vแบซn chฦฐa thแบฅy ai liรชn hแป lแบกi.
4016900,52179836,Mรฌnh cลฉng ฤรฃ cรณ email tแปi tแปng ฤรi hแป trแปฃ vร ฤแบฟn giแป vแบซn chฦฐa cรณ ai chแปง ฤแปng liรชn hแป ฤแป giแบฃi quyแบฟt vแปi mรฌnh.
4016900,52179836,"Bแบฃn thรขn ฤรฃ mua nhiแปu ฤฦกn hรng ฤiแปn tแปญ vแปi TIKI, lแบงn nรy mรฌnh rแบฅt thแบฅt vแปng."
3554724,52179836,"Phแบฃi ฤแบทt 2 lแบงn do cรณ chรบt xรญu trแปฅc trแบทc vแป kho hรng แป xa, tuy nhiรชn khi ฤแบทt lแบกi giao nhanh."
3554724,52179836,"Hแป trแปฃ xuแบฅt lแบกi HD, back lแบกi tiแปn thanh toรกn thแบป visa lแบงn ฤแบงu khรก nhanh!"
3554724,52179836,"Hรng LL mแปi nguyรชn seal, chฦฐa active( phแบฃi update ngรy mua) ... nรณi chung lร แปn๐ ..."
3638470,52179836,"M chuyรชn mua mรกy tรญnh vร ฤt Apple trรชn shop Mall, lแบงn thแปฉ 3 hay 4 gรฌ ฤรณ mua lแบกi trรชn Tiki cho hรng Apple."
3638470,52179836,"Rแบฅt hรi lรฒng vแป dแปch vแปฅ ฤรณng gรณi, chแบฅt lฦฐแปฃng sแปญ dแปฅng, chฦฐa bh phแบฃi ฤi bแบฃo hรnh, giรก lแบกi cแบกnh tranh vรด ฤแปi nแปฏa"
4069248,52179836,Mรกy nguyรชn hแปp!
4069248,52179836,Hรng ฤรบng hรฃng!
4069248,52179836,Vแบญn chuyแปn kรฝ nhแบญn xรกc nhแบญn chรญnh chแปง!
4069248,52179836,Khรขu ฤรณng gรณi nรชn sd bubble wrap ฤแป bแปc lแบกi sแบฝ tแปt hฦกn lร lรณt lแปp giแบฅy giแปฏa 2 thรนng carton.
4069248,52179836,ฤang cรi ฤแบทt vร test mรกy!
3572385,52179836,"Hรng giao nhanh, ฤรบng mรฃ nhฦฐng bแป lแปi chแบฅm trแบฏng แป mรn hรฌnh."
3572385,52179836,Tuy nhiรชn khรดng thแบฅy tiki xuแบฅt hoรก ฤฦกn bรกn hรng ฤแป sau nรy cรฒn ฤi bแบฃo hรnh nแบฟu cรณ vแบฅn ฤแป(cรณ xuแบฅt hoรก ฤฦกn VAT)
3805759,52179836,ban ฤแบงu mua giรก 26tr sau 2 tuแบงn giแป vรo thแบฅy cรฒn 24tr5 chฦฐa kรจm mรฃ giแบฃm giรก.
3805759,52179836,mแบฅt lรฒng tin vรo giรก bรกn tiki hแบณn.
3805759,52179836,lแบงn sau chแบฏc sแบฝ k bao giแป mua nแปฏa vรฌ cแบฃm giรกc bแป lแปซa ฤแบฃo
4134078,52179836,"Ship hรng nhanh, ฤรณng gรณi hฦกi ฤฦกn giแบฃn."
4134078,52179836,"Mรกy chuแบฉn chแปnh ko cรณ gรฌ phแบฃi nรณi, nhฦฐ mua hรng แป store."
4134078,52179836,Mรฌnh mua ฤฦฐแปฃc giรก khuyแบฟn mรฃi tแปt nรชn ฦฐng รฝ!
4523948,52179836,Mรฌnh cรณ mua sแบฃn phแบฉm vรo 12/8 & mรn hรฌnh ฤang bแป hiแปn tฦฐแปฃng nhฦฐ hรฌnh.
4523948,52179836,Nhแป team Tiki hฦฐแปng dแบซn mรฌnh phแบงn bแบฃo hรnh nha.
3548194,52179836,"nรณi chung lร แปn, cลฉng rแบฅt tinh tฦฐแปng tiki vร mong tiki sแบฝ luรดn giแปฏ vแปฏng uy tรญnh nhฦฐ thแบฟ nรy!"
4011675,52179836,"ฤรณng gรณi cแบฉn thแบญn, giao hรng nhanh, nhรขn viรชn giao hรng cแบฉn thแบญn dแบทn mแบทt hรng giรก trแป cao lแบฏm nรชn anh cแบงm cแบฉn thแบญn ๐๐ป"
4103874,52179836,"Trฦฐแปc khi mua ฤรฃ gแปi tแปng ฤรi, tแปng ฤรi ko trแบฃ lแปi rรต rรng."
4103874,52179836,Mรฌnh cแบฃm thแบฅy rแบฅt bแปฑc mรฌnh cรกch lรm viแปc tแปng ฤรi
4281034,52179836,"Hรng giao nhanh, nguyรชn seal."
4281034,52179836,Giรก vแบซn chฦฐa tแปt nhแบฅt thแป trฦฐแปng nhฦฐng vแบซn แปงng hแป Tiki.
3619891,52179836,Hรng giao nhanh chรณng ฤรบng mแปi 100% tuy nhiรชn khรขu ฤรณng gรณi vร vแบญn chuyแปn nรชn xem lแบกi
3629073,52179836,Rแบฅt hรi lรฒng vแป sแบฃn phแบฉm ฤรฃ mua.
3629073,52179836,Giao hรng nhanh.
3629073,52179836,ฤรณng gรณi cแบฉn thแบญn( 4 lแปp)
4889939,52179836,Khuyแบฟn mแบกi nรชn giรก rแบฅt tแปt.
4889939,52179836,Dรนng ฤฦฐแปฃc vรi hรดm chฦฐa thแบฅy vแบฅn ฤแป gรฌ.
4889939,52179836,"Mรกy ฤแบนp, mฦฐแปฃt!"
4512249,52179836,"Rแบฅt hรi lรฒng ,giao hรng ฤรบng hแบนn,mรกy nguyรชn seal , giรก khรก rแบป so vแปi mua ngoรi shop ๐"
3490500,52179836,"Bรกn hรng chuแบฉn, lแบงn ฤแบงu tiรชn mua hรng giรก trแป trรชn TIKi mร cแบฃm thแบฅy yรชn tรขm."
3490500,52179836,cแบฃm ฦกn
4662995,52179836,"Hรng chuแบฉn vร chแบฅt lฦฐแปฃng tuyแปt hแบฃo, ฤรบng lร ฤแบณng cแบฅp apple."
4662995,52179836,Cแบฃm ฦกn Tiki
4612620,52179836,"Hรng xแปn, seal ฤแบงy ฤแปง."
4612620,52179836,"ฤang dรนng khรก แปn, quรชn chฦฐa check thรชm bแบฃo hรnh =)))"
3928352,52179836,Ok nhฦฐng ฤรณng gรณi vร thao tรกc kแปน hฦกn giup Tranh vร chฤm
3961198,52179836,Hรng chรญnh hรฃng nhรฉ.
3961198,52179836,Tiki giao hรng ฤรบng hแบนn.
3961198,52179836,tuyแปt
3506460,52179836,Hรi lรฒng.
3506460,52179836,"Giao hรng sแปm 5 ngรy, mรกy chฦฐa kรญch hoแบกt"
3824758,52179836,Mแปi dรนng 2 ngรy nhฦฐng cแปฅc sแบกc sแบกc k vรo.
3824758,52179836,ฤแป nghแป bแบฃo hรgnh
3549380,52179836,Lแบงn nรo mua ฤแป แป tiki cลฉng an tรขm cแบฃ
3955935,52179836,Rแบฅt tแปt tแปi thแปi ฤiแปm nรy ( ฤรฃ mua dรนng 1 tuแบงn)
3484925,52179836,"Giao hรng nhanh
ฤรบng hรng nhแบญp khรขu mรฃ LL."
3484925,52179836,Xin cแบฃm ฦกn.
3852916,52179836,Mรฌnh tin tฦฐแปng tiki :)
3513680,52179836,"Hรng chuแบฉn ฤรฉt (y) 
ฤรบng nhฦฐ mรด tแบฃ
Nguyรชn seal"
3906314,52179836,Giao hรng nhanh hฦกn dแปฑ kiแบฟn.
3906314,52179836,Giรก cแบฃ hแปฃp lรฝ
4490767,52179836,Mรกy ฤแบนp giao nhanh ฤรณng gรณi cแบฉn thแบญn
3514987,52179836,"Giรก tแปt, trแบฃ gรณp khรดng mแบฅt phรญ"
3549556,52179836,Hรng ฤรณng gรณi rat cแบฉn thแบญn
4361241,52179836,Hรng chรญnh hรฃng !
4919112,52179836,Mรกy ngon
4293448,52179836,Ok
4357271,4268915,"Giaฬ reฬ, giao nhanh, ฤiรชฬm trฦฐฬ laฬ khรดng huฬt ฤฦฐฦกฬฃc vaฬo maฬy."
4357271,4268915,"Luฬc ฤรขฬu miฬnh ฤaฬ nghiฬ chฤฬc boฬ ฤi khรดng sฦฐฬ duฬฃng ฤฦฐฦกฬฃc, nhฦฐng vรขฬn cฦฐฬ thฦฐฬ kรช xem ฤฦฐฦกฬฃc khรดng, thiฬ thรขฬy hiรชฬฃu quaฬ, tuy ko huฬt/baฬm ฤฦฐฦกฬฃc vaฬo lฦฐng maฬy nhฦฐng laptop cuฬng ko hรชฬ biฬฃ xรช diฬฃch khi sฦฐฬ duฬฃng."
4357271,4268915,"Miฬnh thรขฬy haฬi loฬng vฦกฬi mฦฐฬc giaฬ quaฬ hฦกฬฃp lyฬ nhฦฐ vรขฬฃy, cuฬng goฬฃn gaฬng, chฤฬc chฤฬn, vaฬ thรขฬm miฬ, khรดng phaฬi kรช saฬch bรชn dฦฐฦกฬi nฦฐฬa."
3427625,4268915,"Cรกc nรบt khi gแบฏn lรชn mรกy ฤแป mรกy thรฌ tiแปn lแปฃi cho viแปc thao tรกc lรชn mรกy tรญnh Giรบp cho mรกy khรดng bแป nรณng, tแบฃn nhiแปt tแปt."
3427625,4268915,Tuy nhiรชn ฤฦฐแปฃc mแปt thแปi gian gรฌ cรกc nรบt khรดng cรณ cรฒn hรญt vรo mรกy lรm cho khi ฤแบทt xuแปng lร nรณ rแปt ra vร cลฉng tแปฅt dแป dรng hฦกn.
3427625,4268915,"Nแบฟu nhฦฐ cรกc nรบt cรณ thแป hรญt tแปt hฦกn, khรดng bแป rแปt ra dแป dรng nhฦฐ vแบญy thรฌ sแบฃn phแบฉm sแบฝ chแบฅt lฦฐแปฃng vร hแปฏu รญch hฦกn."
3111727,4268915,mแปi mua vแป sแปญ dแปฅng ฤฦฐแปฃc 1 tuแบงn cแบฃm thแบฅy hรi lรฒng.
3111727,4268915,"laptop ฤแป lรชn rแบฅt vแปฏng, k lo trฦกn trฦฐแปฃt,  trฦฐแปc chฦฐa dรนng ฤแบฟ phแบงn quแบกt laptop rรขt nรณng, giแป nhiแปt ฤแป giแบฃm khoแบฃng 50%."
3111727,4268915,Trฦฐแปc mua thแบฅy mแปi ng ฤรกnh giรก chรขn k dรญnh vรo laptop khi lฦฐng laptop khรดng phแบณng mรฌnh thแบฅy ฤรบng nhฦฐ vแบญy thรขt nhฦฐng mรฌnh dรนng bฤng keo trong loแบกi dรกn bแป mแบทt nhแปฑa dรกn lรชn vร chรขn ฤแบฟ bรกm rแบฅt chแบฏc.
1794030,4268915,"Hรบt dรญnh tแปt แป bแป mแบทt kรญnh, gแบกch ฤรก thรดi chแปฉ cรฒn laptop cรณ phแบงn vแป dฦฐแปi bแบฑng nhแปฑa (hoแบทc nhแปฑa giแบฃ nhรดm) thรฌ ฤแป dรญnh ko cao."
1794030,4268915,"Bรน lแบกi phแบงn chรขn ฤแบฟ rแบฅt chแบฏc chแบฏn, trแปฅ vแปฏng vร ko lรm xรช dแปch laptop."
1794030,4268915,Giรก thรnh rแบป hฦกn nhiแปu so vแปi cรกc thiแบฟt bแป tแบฃn nhiแปt hiแปn ฤแบกi khรกc.
1794030,4268915,Nhแป gแปn.
1794030,4268915,Chแป tรกc ฤแปng ฤแบฟn phแบงn vแป mรกy nรชn cแปฑc kรฌ an toรn khi sแปญ dแปฅng
1925536,4268915,Mรฌnh kiแบฟm sแบฃn phแบฉm nรy ฤรฃ lรขu giแป mแปi thแบฅy cรณ shop bรกn.
1925536,4268915,Review chรบt : Mรกy kรช cรกi nรy lรชn vแปซa tiแบฟt kiแปm diแปn tรญch vแปซa mรกt mรกy khรดng nhฦฐ ฤแบฟ tแบฃn nhiแปt thรดng thฦฐแปng .
1925536,4268915,"Tuy nhiรชn shop nรชn nhแบญp thรชm loแบกi chรขn mร 4 chรขn cao bแบฑng nhau vแป , vรฌ khรดng phแบฃi ai cลฉng thรญch nghiรชng."
2073146,4268915,"Mรฌnh dรนng bแป chรขn ฤแบฟ nรy ฤแป kรช cho laptop vร bรn phรญm cฦก, vรฌ cรกi bรn phรญm cฦก cแปงa mรฌnh nรณ khรดng ฤแปง dแปc so vแปi sแป thรญch cแปงa mรฌnh."
2073146,4268915,"ฤแบฟ chแบฏc chแบฏn, nรณi chung cรกi gรฌ ฤรฃ ฤรจ lรชn nรณ thรฌ sแบฝ khรดng bแป xรช ฤi xรญch lแบกi."
2073146,4268915,Chแบฏc phแบฃi mua thรชm 2 bแป ฤแป แป cฦก quan hehe.
2219614,4268915,"sแบฃn phแบฉm chแป dรนng ฤฦฐแปฃc cho laptop nรo khรดng cรณ cรกc thiแบฟt kแบฟ bรชn dฦฐแปi (khe tแบฃn nhiแปt, ฤแป chแปng trฦฐแปฃt, ฤฦฐแปng thรกo lแบฏp pin, ... nแบฟu khรดng thรฌ khi sแปญ dแปฅng cแปฉ bแป trฦฐแปฃt trฦฐแปฃt rแบฅt khรณ chแปu
Nรณi thแบณng ra thรฌ chแบฏc tiแปn nhแบฅt lร cho macbook"
2172333,4268915,"Mua nhแปฏng cรกi ฤแป lแปm lแปm nรy quรก phรญ tiแปn, dรญnh bแป mแบทt trฦกn thรฌ rแบฅt chแบทt nhฦฐng khรดng ฤฦฐแปฃc lรขu sแบฝ tแปฑ bung, khรดng phแบฃi mแบทt laptop nรo cลฉng dรญnh ฤฦฐแปฃc cรกi ฤแป dแปm nรy."
2172333,4268915,Phแบฃi bแป mแบทt thแบญt nhแบตn bรณng nhฦฐ mแบทt kรญnh thรฌ may ra ฤฦฐแปฃc.
2033205,4268915,"ฤแบฟ lรณt cรขn bแบฑng, แปn ฤแปnh,  thoรกng mรกt cho laptop
Nhฦฐng tรนy loแบกi bแป mแบทt mแบทt dฦฐแปi cแปงa laptop, mรกy mรฌnh bแป mแบทt nhแปฑa nhรกm nรชn chรขn ฤแบฟ khรดng bรกm, ko hรญt ฤฦฐแปฃc."
2033205,4268915,Mรฌnh ฤแบทt laptop lรชn mร phแบฃi cฤn chแปnh nรชn khรก mแบฅt thแปi gian.
2262461,4268915,"Nhแป gแปn, giรบp nรขng bรn phรญm laptop lรชn cao ฤแป gรต dแป hฦกn."
2262461,4268915,Chรบ รฝ lร khรดng cรณ tรกc dแปฅng tแบฃn nhiแปt vรฌ hแบงu hแบฟt laptop tแบฃn nhiแปt แป 2 bรชn cแบกnh (chแปฉ laptop mร tแบฃn nhiแปt แป ฤรกy thรฌ chรกy tแปซ lรขu rแปi).
2297709,4268915,"sแบฃn phแบฉm dแบกng silicon thiแบฟt kแบฟ nhฦฐ miแบฟng hรญt giรกc hรบt chรขn khรดng nhฦฐng lแบกi ko hรญt ฤฦฐแปฃc vรo mแบทt ฤแบฟ laptop nรชn chแป lรm chรขn kรช tแบกm thรดi, nแบฟu di chuyแปn laptop thรฌ phแบฃi kรช lแบกi, hฦกi phiแปn phแปฉc."
3007426,4268915,"ฤแบฟ mแปm, hรญt khรดng chแบทt."
3007426,4268915,Tuy nhiรชn cลฉng khรก hแปฏu รญch khi sแปญ dแปฅng mรกy cรณ tแบฃn nhiแปt dฦฐแปi
2140443,4268915,"Mua vแป xรi thแบฅy cลฉng tแบกm, nรณ cรณ ฤแป bรกm dรญnh khรดng hแป cao, vรฌ nรณ khรก nhแป gแปn, khรดng tแปn diแปn tรญch nhฦฐ ฤแบฟ tแบฃn nhiแปt nรชn ฤem theo ra ngoรi rแบฅt thuแบญn tiแปn."
2278874,4268915,"K dรญnh vรo laptop, hฦกi thแบฅp nhฦฐng nhรฌn chung lร dรนng ฤฦฐแปฃc."
2278874,4268915,"ฤแบทc biแปt lร khi ngฦฐแปi dรนng k dรนng nhแปฏng แปฉng dแปฅng nแบทng nhฦฐ tแบฃi game, chแบกy ฤแป hแปa..."
2661488,4268915,Nhแป gแปn giรบp tแบกo nhiแปu chแป thoรกt nhiแปt hฦกn.
2661488,4268915,"Phรน hแปฃp vแปi mรกy ฤแป cแป ฤแปnh รญt di chuyแปn vรฌ mรบt k ฤฦฐแปฃc chแบทt lแบฏm, dแป bแป rฦกi"
3402423,4268915,Bao bรฌ sแบฃn phแบฉm rรกch nรกt nhฦฐ ฤแป dรนng rแปi.
3402423,4268915,"ฤแป bรกm dรญnh tแป, khรดng giแปng nhฦฐ mแบฅy cแปฅc hรญt trรชn tแปง quแบงn รกo."
2085982,4268915,Khi ฤem laptop di chuyแปn thรฌ cรกi nรy tiแปn hฦกn ฤแบฟ tแบฃn nhiแปt bรฌnh thฦฐแปng.
2085982,4268915,"ฤแป hรญt khรดng cao lแบฏm, phแบฃi bรดi nฦฐแปc vรo mแปi hรญt tแปt."
2588871,4268915,+ shop rแบฅt nhiแปt tรฌnh.
2588871,4268915,tแบญn tรขm.
2588871,4268915,"tฦฐ vแบฅn nhiแปt tรฌnh.very good
+ sแบฃn phแบฉm ฤรณng gรณi ฤแบนp."
2588871,4268915,giao hรng nhanh.... very good..
1876738,4268915,ฤแบทt hรng tแปซ 08/10 ฤแบฟn 15/10 mแปi nhแบญn ฤฦฐแปฃc hรng.
1876738,4268915,"Tiki ฤรณng gรณi cแบฉn thแบญn, ฤแบนp, chแบฏc chแบฏn trong khi giรก trแป ฤฦกn hรng chแป cรณ 28K."
2807644,4268915,"ฤรฃ รกp dแปฅng ฤแปง mแปi cรกch , tแปซ รฉp chแบฏc ฤแบฟn thoa nฦฐแปc , vแบซn rแปฅng ra nhฦฐ thฦฐแปng , hรng giรก rแบป"
2110495,4268915,"ฤแบฟ nรy tiแปn dแปฅng, tแปi ฤa hรณa diแปn tรญch khรญ vรo."
2110495,4268915,Phรน hแปฃp tแปซng loแบกi laptop chแปฉ khรดng phแบฃi laptop nรo cลฉng ฤฦฐแปฃc.
2379855,4268915,m mua vแป kรช laptop cho ฤแปก nรณng.
2379855,4268915,tรนy chแบฅt liแปu mร spham hรญt vรo.
2379855,4268915,nhฦฐng kรช lรชn bแปn mร mรกy tแบฃn nhiแปt tแปt
2202006,4268915,chรขn ฤแป tแบฃn nhiแปt ko dรญnh ฤฦฐแปฃc vแปi bแป mแบทt cแปงa laptop.
2202006,4268915,Chแป ฤแป chแบฟt 1 chแป vร kรช cho laptop cao hฦกn thรดi.
4073649,4268915,Ko hรญt lแบฏm nhฦฐng nรณi chung vแปi giรก tiแปn nhฦฐ vแบญy thรฌ chแบฅp nhแบญn xรi แปn
2271840,4268915,Sแบฃn phแบฉm ko bรกm vรo mแบทt dฦฐแปi cแปงa mรกy ฤฦฐแปฃc.
2271840,4268915,Bแป trฦฐแปฃt xรช dแปch khรณ chแปu.
2271840,4268915,Chแบฅt lฦฐแปฃng kรฉm.
4483107,4268915,Mua thรชm cuแปn keo nแปฏa dรกn lร ngon.
4483107,4268915,ฤฦฐแปฃc trong tแบงm giรก.
4483107,4268915,Minh mua 22k
1963296,4268915,Sau nhiแปu ngรy ฤรฃ nhแบญn ฤฦฐแปฃc hรng ..... chรขn ฤแบฟ chแบฏc chแบฏn .... chแปng ฤแปก ฤฦฐแปฃc laptop แปn ??
1963296,4268915,gแปn nhแบน
3387143,4268915,Ko bรกm dรญnh nhฦฐng mรฌnh ฤแบทt cแป ฤแปnh xรi vแบซn ok lแบฏm.
3387143,4268915,Mรกy tรญnh ko bแป nรณng
2596884,4268915,"quรก tแป,  ko sรi ฤฦฐแปฃc."
2596884,4268915,mua xong vแป vแปฉt luรดn.
2596884,4268915,ko hแป hรญt vรo bรn hay mรกy tรญnh
2888107,4268915,Khแบฃ nฤng hรบt dรญnh hฦกi yแบฟu.
2888107,4268915,Phแบฃi dรนng keo dรกn lแบกi mแปi chแบฏc ฤฦฐแปฃc.
4246412,4268915,"แปn, nhฦฐng ko cแบงn xรi hแบฟt 4 cแปฅc, 2 cแปฅc lแปn lร ฤแปง,"
3058973,4268915,"Mua vแป k hรญt ฤc vรo mแบทt dฦฐแปi laptop, cรณ thรฌ xรi tแบกm vแบญy thรดi"
2172284,4268915,"hรng ฤรบng vแปi mแบซu mรฃ, sแปญ dแปฅng rแบฅt tแปt nรชn giแปi thiแปu cho ngฦฐแปi khรกc cรนng xรi"
2194825,4268915,"Sแบฃn phแบฉm rแบฅt tiแปn lแปฃi, kรญch thฦฐแปc nhแป gแปn, rแบฅt tiแปn khi ฤem laptop ra ngoรi."
2317792,4268915,sแบฃn phแบฉm hฦกi dฦก nhฦฐng hรญt tแปt.
2317792,4268915,tks shop...........
3305103,4268915,"Sแบฃn phแบฉm dแป xรi,phรน hแปฃp, ฤแป lรณt mรกy vแปฏng dแป gรต"
5451984,4268915,sแบฃn phแบฉm rแบฅt ok nha mแปt like cho shop
1934836,4268915,"Vแปi laptop gaming nhฦฐ mรฌnh, sแบฃn phแบฉm nรy hแปฃp lรฝ vร hiแปu quแบฃ hฦกn lร ฤแบฟ tแบฃn nhiแปt"
5454044,4268915,sรi OK chแป lร ko Hut DC dau nha
5440851,4268915,"kk dรญnh ฤฦฐแปฃc 
mรกy vแบซn nรณng"
5583591,4268915,Okay.
5583591,4268915,Mua xong thแบฅy hฦกi thแปซa.
3433450,4268915,Nhแป gแปn nhแบน mแปm cรณ ฤแป bรกm dรญnh
3117182,4268915,"hรng ok, chแบฅt lฦฐแปฃng cรณ thแป xem lร ฤc"
2052522,4268915,mua vแป ko dรญnh ฤฦฐแปฃc :))))) tแปt nhแบฅt lร ฤแปซng mua :)))))))))))))))
3345512,4268915,Vแบซn cรฒn ฤang sแปญ dแปฅng rแบฅt tแปt
5272348,4268915,Rแบป.
5272348,4268915,Tiแปn.
5272348,4268915,Khoแบป
3496805,4268915,tรดttttttttttttttttttttttttt
3161961,4268915,"tแป tแป tแป............
...."
3670711,4268915,hรng nhแป mร cรณ vรต
4333710,4268915,quรก chรกn
4658965,32933095,"Cho chiแบฟc hรฌnh ฤแป thแบฅy Tiki bแปc kฤฉ kinh khแปงng, gแปก hรng mแปt xแปu."
4658965,32933095,"Mแบทc dรน ko cรณ mรบt chแปng xแปp hay bแปc nแป, nhฦฐng lแบงn nรo hแปp Tiki vแป chแป mรฌnh cลฉng khรก hoรn hแบฃo."
4658965,32933095,Chแบฅt lฦฐแปฃng hรng cรณ thแป cรณ vแบฅn ฤแป chแปฉ cรกi hแปp thรฌ รญt khi :)).
4658965,32933095,"Vรฌ lฦฐแปi chแปฅp nรชn ko cรณ hรฌnh ghim ฤiแปn lรชn quแบกt, cรณ cแบฃ ฤรจn รกnh xanh nhรฌn ngแบงu lแบฏm."
4658965,32933095,"Hoแบกt ฤแปng cลฉng tแปt, mua dแปp sale cรฒn 80k nรชn phแบฃi nรณi lร rแบฅt chแบฅt lฦฐแปฃng trong tแบงm giรก."
4658965,32933095,Cรฒn ฤแป bแปn thรฌ ฤแป thแปi gian chแปฉng minh xem.
3391559,32933095,M mua vแปi giรก 198k.
3391559,32933095,"Sau ฤรณ cรฒn thแบฅy sale thแบฅp hฦกn =)))
Sp xรi แปn."
3391559,32933095,"Khรก chรกn chแป cแบฏm usb thแบฅy lแปng lแบปo vร khi mรกy chแบกy thรฌ khรก rung(nแบฟu nรขng ฤแป cao lรชn cรฒn rung mแบกnh nแปฏa), thiแบฟ nghฤฉ chแบฏc mรกy nรo nแบทng thiแปt nแบทng mแปi giแปฏ cรกi ฤแบฟ nรy bแปt rung khi chแบกy."
3391559,32933095,Cรณ ฤiแปu lร lรm mรกt ok. Quแบกt khรก รชm.
3391559,32933095,Dรนng lรขu dรi k biแบฟt ntn nhฦฐng cแบฃm nhแบญn ban ฤแบงu cลฉng k tแป.
3458074,32933095,"Mรฌnh thแบฅy giรก mแปm, cลฉng ฤแบนp vร tแปt cรกi lร cรณ cรกc bแบญc nรขng laptop, mรฌnh rแบฅt thรญch cรกi nรy."
3458074,32933095,Bรชn cแบกnh ฤรณ thรฌ quแบกt khรก yแบฟu so vแปi mong muแปn cแปงa mรฌnh.
3458074,32933095,"Khรดng ฤแปง vแปi nhu cแบงu cแปงa mรฌnh

Tแบฃn nhiแปt phรน hแปฃp vแปi Lap 14โ nhe

Lap mรฌnh 15,6 thรฌ dฦฐ khoแบฃng 3,4cm chiแปu ngang."
3495430,32933095,Sแบฃn phแบฉm bรฌnh thฦฐแปng.
3495430,32933095,Dฦฐแปi kรฌ vแปng cแปงa mรฌnh mแปt tรญ.
3495430,32933095,"Quแบกt chแบกy yแบฟu ฤแบฟn mแปฉc khรดng nghe tiแบฟng, cแปฉ sแปฃ lร nรณ k chแบกy nรชn ghรฉ tai sรกt vรo thรฌ cรณ tiแบฟng ro ro nhแป."
3495430,32933095,Trรชn hแปp bแบฃo lร cรณ thแป chแปnh ฤฦฐแปฃc cรดng suแบฅt chแบกy cแปงa quแบกt nhฦฐng sแบฃn phแบฉm lแบกi khรดng cรณ.
4392984,32933095,"hรng nhฦฐ trong แบฃnh, khรก thแบฉm mฤฉ, lรm chรขn ฤแบฟ quรก hแปฃp mแปi mรกy, quแบกt khรดng gรขy แปn
cรณ ฤiแปu, tแปc ฤแป quแบกt thรฌ khรดng nhanh lแบฏm
vร ฤแบทt biแปt mรฌnh cแบฃm thแบฅy laptop cแปงa mรฌnh sinh ra nhiแปt nhanh hฦกn bรฌnh thฦฐแปng khi kแบฟt nแปi vแปi bแป tแบฃn nhiแปt nรy"
4872652,32933095,Shop khรดng ghi rรต thรดng tin dรนng cho laptop bao nhiรชu inch.
4872652,32933095,Khi nhแบญn thรฌ thแบฅy 17โ nรชn khรดng vแปซa.
4872652,32933095,"Mแบซu nรy dรy nรชn cแบฅn tay, dรนng nhiแปu sแบฝ mรตi tay, quแบกt รชm vร mรกt"
4645964,32933095,"dรนng tแปt, laptop mรฌnh trฦฐแปc ฤรณ nรณng cแบฃ dฦฐแปi vร trรชn."
4645964,32933095,"dรนng thรฌ แป.dฦฐแปi ko nรณng nแปฏa, mแบทt trรชn gแบงn cแบฃm แปฉng nรณng nhฦฐ cลฉ."
4645964,32933095,"muแปn hแบฟt hแบณn chแบฏc phแบฃi thay leo tแบฃn nhiแปt
 hรi lรฒng vs giรก 94k cแบฃ ship
cรกi ฤแบฟ chแบฏc chแบฏn, ฤแบนp =))"
3495828,32933095,Quแบกt yแบฟu hฦกn mรฌnh nghฤฉ.
3495828,32933095,Vแปi tแบงm giรก nรy thรฌ xem nhฦฐ cรณ mแปt cรกi kรช laptop cลฉng ok. Mแบทt lฦฐแปi cลฉng gรณp phแบงn lรm thoรกng hฦกn mแบทt dฦฐแปi lap.
3495828,32933095,Nรณi chung hiแปu nฤng lรm mรกt thรฌ khรดng cรณ nhฦฐng cรณ vแป mแบทt thแบฉm mแปน ^^
3168248,32933095,"2 quaฬฃt quay รชm, khรดng coฬ tiรชฬng รดฬn, bฤฬng nhฦฐฬฃa nรชn cuฬng khaฬ รดฬn khรดng ฤรชฬn nรดฬi yรชฬu ฦกฬt."
3168248,32933095,"Nhฦฐng maฬ quaฬฃt quay yรชฬu, thรดฬi khรดng ฤฦฐฦกฬฃc bao nhiรชu nhiรชฬฃt caฬ, chaฬฃy mรดฬฃt luฬc lรขฬฃt lรชn thiฬ quaฬฃt cuฬng noฬng khรดng maฬt"
4080591,32933095,Chแป ฤฦฐแปฃc cรกi lร giao hรng sแปm.
4080591,32933095,"Hรng ฤรณng gรณi ฤแบนp,  thแบญn."
4080591,32933095,ฤแปi vแปi giรก 130k nhฦฐ thแบฟ nรy mรฌnh nghฤฉ lร ok rแปi.
4080591,32933095,Chแบณng cรณ cรกi lol nรo rแบป mร thฦกm cแบฃ ๐.
4080591,32933095,"Quแบกt yแบฟu, nhฦฐng ฤแบนp."
4080591,32933095,Tแบกm ฤฦฐแปฃc.
3052341,32933095,Hรng ฤฦฐแปฃc ฤรณng gรณi cแบฉn thแบญn.
3052341,32933095,ฤแป laptop lรชn khรก lร chแบฏc chแบฏn.
3052341,32933095,Phแบงn nhแปฑa cรณ vแบป kg sแบฏc nรฉt nhฦฐng giรก tiแปn nรy lร phรน hแปฃp.
3052341,32933095,cแป gแบฏng phรกt huy nha shop
3593316,32933095,"Giao hรng nhanh, ฤแบฟ bแบฑng nhแปฑa, cรณ ฤรจn, hiแปu quแบฃ chแบฏc ฤฦฐแปฃc khoแบฃng, 85-90%, dรขy usb kแบฟt nแปi hฦกi ngแบฏn, thanh chแบทn cรณ vแบป khรดng chแบฏc chแบฏn lแบฏm, laptop cแปงa mรฌnh hay bแป trฦฐแปฃt nแบฟu lแปก va vรo."
4543427,32933095,"chแบฅt lฦฐแปฃng tแปt trong tแบงm giรก, 2 quแบกt tแบฃn nhiแปt chแบกy รชm lแบกi cรณ led nhรฌn bแบฏt mแบฏt, giao hรng nhanh."
4543427,32933095,rแบฅt hรi lรฒng
4752607,32933095,"quแบกt + ฤรจn led thรฌ แปn, cฦก mร cรกi nแบฅc ฤแป kรช thรฌ tแป quรก, cรกi thanh gรกc trฦฐแปฃt quรi khiแบฟn sแบญp liรชn tแปฅc :( ."
4752607,32933095,Thรnh ra ฤแป ฤc ฤแป dแปc thแบฅp nhแบฅt khรดng.
2935961,32933095,Sแบฃn phแบฉm tแปt hแปฃp tรบi tiแปn.
2935961,32933095,Thรญch nhแบฅt แป chแป lฦฐแปi tแบฃn nhiแปt vร cรณ giรก nรขng.
2935961,32933095,Chแป chแบฏn laptop cรณ miแบฟng mรบt chแปng trแบงy nแปฏa thรฌ hay hฦกn.
2935961,32933095,Giao hรng nhanh
5059576,32933095,Cรกm ฦกn Shop.
5059576,32933095,ฤรฃ nhแบญn ฤฦฐแปฃc hรng rแปi.
5059576,32933095,ฤรฃ sแปญ dแปฅng.
5059576,32933095,Hรng rแบฅt chuแบฉn.
5059576,32933095,Giao nhanh.
5059576,32933095,Nhฦฐng kg biแบฟt hรng cรณ bแปn khรดng
5076396,32933095,sแบฃn phแบฉm mแปi mua mร 1 bรชn quแบกt quay 1 bรชn khรดng quay....cรณ ฤแปi sแบฃn phแบฉm khรกc ฤฦฐแปฃc khรดng แบก๐ฉ๐ฉ
3295013,32933095,"Giao nhanh, ฤแบฟ tแปt, quแบกt tฦฐฦกng ฤแปi mรกt, cรณ nhiแปu mแปฉc chแปnh ฤแป nghiรชng cho lap."
3295013,32933095,Sแบฝ ฤรกnh giรก chi tiแบฟt hฦกn sau mแปt thแปi gian sแปญ dแปฅng.
5116873,32933095,"mรณp nhแบน mแปt gรณc, quแบกt khรดng mแบกnh lแบฏm, lฦฐแปi tuy yแบฟu nhฦฐng cรณ cรกc trแปฅ nhแปฑa trแปng nhiแปu chแป lรชn khรดng sแปฃ laptop nแบทng"
3434049,32933095,"Dรนng แปn, giao hรng nhanh, quแบกt รชm, tiแบฟc lร mรฌnh khรดng kiแบฟm ฤฦฐแปฃc cรณ cรกch nรo ฤแป chรญnh tแปc ฤแป quแบกt khรดng."
3434049,32933095,Nรณi chung lร tแปt
3346178,32933095,"Tiki giao hรng nhanh, tuy nhiรชn quแบกt chแบกy khรก yแบฟu, แปn vร rung lแบฏc mแบกnh."
3346178,32933095,Khรดng hiแปu quแบฃ mแบฅy.
3346178,32933095,Tแบงm giรก nรy thรฌ tแบกm chแบฅp nhแบญn
5560269,32933095,"Mแบทt hรng hiแปn nay xรi vแบซn rแบฅt tแปt, quแบกt mรกt, tuy ko รชm lแบฏm, vแบซn cรณ 1 sแป chแป lแปi lรตm nhฦฐng tแบกm ok dc"
5511342,32933095,"- Phรญ giao hรng cao quรก, chiแบฟm ฤแบฟn 30 % giรก sแบฃn phแบฉm ."
5511342,32933095,- Chแบฅt lฦฐแปฃng sแบฃn phแบฉm phรน hแปฃp vแปi giรก tiแปn .
4664256,32933095,"Vแปi giรก tiแปn nรy thรฌ hแปฃp lรญ cho 1 ฤแบฟ tแบฃn nhiแปt nhฦฐ v, trฦฐแปc mแบฏt lร v kh biแบฟt vแป lรขu dรi ra sao thรดi"
4708867,32933095,"Hรnh giแปng y hรฌnh tuy lร nhแปฑa nhฦฐng khรก cแปฉng cรกp, ฤแป bแปn thรฌ mแปi sแปญ dแปฅng nรชn cลฉng chฦฐa ฤรกnh giรก ฤc"
3468284,32933095,"ฤang dแปch nรชn giao hฦกi lรขu, quแบกt quรก yแบฟu khรดng cรณ tรกc dแปฅng coi nhฦฐ mua thรชm cรกi chรขn ฤแบฟ"
3331099,32933095,"quแบกt yแบฟu,cแบฃm giรกc nhฦฐ khรดng tแบฃn nhiแปt ฤฦฐแปฃc bao nhiรชu hแบฟt."
3331099,32933095,"lรบc sแปญ dแปฅng rung lแบฏc nhรฌu,gรขy cแบฃm giรกc khรณ chแปu"
4170502,32933095,"Quแบกt quรก yแบฟu so vแปi tฦฐแปng tฦฐแปฃng cรณ mร nhฦฐ khรดng cรณ vแบญy, hรng hoรก ฤฦฐแปฃc ฤรณng gรณi khรดng cแบฉn thแบญn"
3408900,32933095,Sแบฃn phแบฉm rแบฅt tแปt...cแบฃm ฦกn Tiki
2998887,32933095,K cรณ cรดng tแบฏc on off sao shop.
2998887,32933095,Chฦฐa sแปญ dแปฅng tแบกm dรกnh giรก 4sao
3447243,32933095,"Sแบฃn phแบฉm sแปญ dแปฅng rแบฅt tแปt, ฤรบng nhฦฐ hรฌnh mรด tแบฃ..."
4077944,32933095,"Cลฉng ฤฦฐแปฃc mร cรณ vแบป ฤแบฟ ฤแป dแปc hฦกi lแปng lแบปo , quแบกt hฦกi yแบฟu nhฦฐng mร giรก tiแปn khรก แปn ."
5305991,32933095,"sแบฃn phแบฉm bแป nแปฉt, ฤแป nghแป bรชn shop kiแปm tra xแปญ lรญ giรบp mรฌnh"
3178684,32933095,"dรนng sau vรi giแป thรฌ cรณ tiแบฟng kรชu nhแบน nhฦฐng cฦก bแบฃn thรฌ vแบซn khรก แปn, cรฒn cรณ bแปn hay ko thรฌ chฦฐa biแบฟt"
4888559,32933095,dรนng lรm quแบกt ngแปง cลฉng ฤฦฐแปฃc giรณ thแปi hiu hiu cรณ ฤรจn nhฦฐ cรกi ฤรจn ngแปง cรณ gแบฏn quแบกt.
5019276,32933095,Hรng xรi tแปt phรน hแปฃp vแปi giรก thรnh
3316516,32933095,"Quแบกt tแบฃn nhiแปt chแบกy รชm, hiแปu quแบฃ."
3316516,32933095,"Cรกc gรณc nghiรชng khรก phรน hแปฃp, tuy nhiรชn hฦกi rung khi ฤรกnh mรกy."
3315621,32933095,"Giao hรng nhanh, cแบฃm giรกc quแบกt hฦกi yแบฟu."
3315621,32933095,Nhฦฐng tแบงm giรก tiแปn thรฌ dรนng sแบฃn phแบฉm nรy rแบฅt tแปt
3473240,32933095,"sแบฃn phแบฉm cรณ mรนi nhแปฑa hฦกi nแบทng, bแป vแปก"
2851307,32933095,"sแบฃn phแบฉm tแปt, mรฌnh rแบฅt thรญch."
2851307,32933095,Mรฌnh ฤรฃ giแปi thiแปu cho cรกc ฤแปng nghiแปp vร mua thรชm 1 cรกi nแปฏa.
3053057,32933095,rแบฅt ฤแบนp quแบกt รชm แปn ฤแปnh em rแบฅt ฦฐa chuแปng phรน hแปฃp vแปi giรก cแบฃ
3372288,32933095,Xรi tแบกm แปn.
3372288,32933095,quแบกt hฦกi แปn nhฦฐng ban ngรy thรฌ ok. thiแบฟt kแบฟ cรณ nhiแปu nแบฅc rแบฅt tiแปn dแปฅng
3596745,32933095,"xรi rแบฅt ngon nhรฉ, quแบกt cรดng suแบฅt rแบฅt ok ฤแปi vแปi giรก tiแปn"
3178638,32933095,"Sแบฃn phแบฉm khรก tแปt, giรณ hฦกi nhแบน, nรชn dรนng lแบฅy nguแปn 220v chแปฉ k  nรชn dรนng nguแปn mรกy tรญnh"
4750995,32933095,"Mแปi xรi 1 ngรy mร ฤรฃ cรณ tiแบฟng kรชu nhแป rแปi, ngoแบกi hรฌnh thรฌ nhฦฐ mรด tแบฃ"
4038532,32933095,"Khรดng test hรng trฦฐแปc khi giao cho khรกch, cรกnh quแบกt kรชu lแบกch cแบกch nhฦฐ mรกy cรy."
4661116,32933095,"nhรฌn ฤแบนp, hฦกi แปn tรญ mร ko sao, mรกt lร ฤฦฐแปฃc ;)"
4593693,32933095,"quแบกt yแบฟu quรก, gแป chแบทn mรกy hฦกi thแบฅp, mรกy mรฌnh cong nรชn trฦฐแปฃt lรชn luรดn"
3332137,32933095,giao hรng nhanh.
3332137,32933095,dรน trong mรนa dแปch
5404309,32933095,mรกy lรm mรกt tแปt.
5404309,32933095,chแบกy รชm.
5404309,32933095,mแปi tแปi cลฉng tiรชu tแปn pin cแปงa laptop
3127654,32933095,Giao hรng nhanh.
3127654,32933095,ฤรณng gรณi cแบฉn thแบญn.
3127654,32933095,Sแบฃn phแบฉm dรนng แปn
3692303,32933095,"Sแบฃn phแบฉm giรก rแบป, lแบกi tแบฃn nhiแปt ฤฦฐแปฃc 60-70% trแป lรชn."
3692303,32933095,Xรi rแบฅt ok.
3284442,32933095,"Xรi chแบฏc chแบฏn nรขng cao dc mรกy giรบp mรกy thoรกng hฦกn, quแบญt thรฌ ko mรกt lแบฏm"
3094682,32933095,"sแบฃn phแบฉm cรณ 2 quแบกt, hoแบกt ฤแปng rแบฅt rung lแบฏc."
3094682,32933095,khรณ chแปu khi lรm viแปc.
3258210,32933095,"quแบกt ฤแปi vแปi mรฌnh hฦกi yแบฟu, cแบฃm giรกc khรดng tแบฃn nhiแปt ฤฦฐแปฃc mแบฅy"
4637201,32933095,Trแปซ mแบฅt 1* vแป shipper nghe mรกy nhฦฐng k trแบฃ lแปi 2 lแบงn
3305797,32933095,hรng ok. nhฦฐng lรขu dรi ko biแบฟt thแบฟ nรo.
3343132,32933095,"Vแป quแบกt cรณ hฦกi kรชu do แปc vแบทn hฦกi lแปng, xiแบฟt lแบกi lร xรi ok"
3951613,32933095,Sp bแบฑng nhแปฑa khรก mแปng manh quแบกt bแป ofn แป nฦกi yรชn tฤฉnh
3567955,32933095,"ฤc, cรณ chรบt tiแบฟng kรชu, nhฦฐng ko sao"
4817029,32933095,jack hแปng.
4817029,32933095,vแปซa nhแบญn hรng
3413483,32933095,sแบฃn phแบฉm giแปng nhฦฐ quแบฃng cรกo.
3413483,32933095,hรi lรฒng so vแปi mแปฉc giรก
3307498,32933095,"Quแบกt khรก mแบกnh, tแปt, cรฒn hฦกi แปn nhฦฐng chแบฅp nhแบญn ฤฦฐแปฃc"
3520651,32933095,quแบกt mรกt.
3520651,32933095,chแบกy khรก รชm.
3520651,32933095,bแปn.
3375637,32933095,Giao hรng nhanh.
3375637,32933095,"Hรng xรi tแปt, quแบกt chแบกy รชm khรดng kรชu."
3545384,32933095,Tแปt thรดi cลฉng แปn cแปฉng cรกp kรช 2 tay lรชn cลฉng ko sao.
4846231,32933095,"quay yแบฟu quรก,chแบตn thแบฅy mรกt gรฌ hแบฟt trฦกn"
3909637,32933095,"Xรi OK.
Nhฦฐng ฤแบทt mรu ฤen lแบกi giao mรu xanh"
3529467,32933095,Sแบฃn phแบฉm dรนng tแปt tฦฐฦกng แปฉng vแปi giรก tiแปn
3296915,32933095,quแบกt yแบฟu quรก.
3296915,32933095,khรดng ฤแปง mแบกnh mร ฤแปง ฤแป sรi
3542797,32933095,"sanrq phแบณm dรนng tแปt, cรณ nhiแปu nแบฅc ฤแบทt mรกy"
3285293,32933095,nhรฌn แปn.
3285293,32933095,khรก chแบฏc.
3285293,32933095,chฦฐa biแบฟt hiแปu quแบฃ ra sao.
4935434,32933095,"Giแปng hรฌnh, quแบกt รชm, dรนng tแปt"
3556478,32933095,"dรนng แปn vแปi tแบงm tiแปn, chรบc shop pt hฦกn"
3254774,32933095,Rแบฅt tแปt OK......................................
5150953,32933095,"Ko hรi lรฒng 
Vรฌ hแปng 1 quat"
3618188,32933095,Sแบฃn phแบงm dรนng แปn nhฦฐng giao sai mรu
3266202,32933095,K mแบกnh nhฦฐ tฦฐแปng tฦฐแปฃng nhฦฐng vแบซn แปn
3012707,32933095,"ฤแบนp, rแบป, dแป sแปญ dแปฅng."
3012707,32933095,Hiแปu quแบฃ tแปt.
5235939,32933095,Hรi lรฒng vแป sแบฃn phแบฉm
3318395,32933095,"Hรng giao nhanh, ngon, แปn trong tแบงm giรก"
3637801,32933095,Tแบกm แปn vแปi sแบฃn phแบฉm tแบงm giรก
3327669,32933095,"Ok, tแบฃn nhiแปt tแปt, giao hรng nhanh."
3278355,32933095,Rแบฅt tแปt nhรฉ vร tรดi rแบฅt hรi lรฒng
4086174,32933095,quแบกt tแบฃn nhiแปt hฦกi yแบฟu
3458706,32933095,"Sแบฃn phแบฉm ฤแบนp, giรก ok, nรชn mua"
3345515,32933095,"sแบฃn phแบฉm rแบฅt tแปt, chแบฏc chแบฏn"
4764320,32933095,ฤแบซ nhแบญn hรng ฤแบนp
3238188,32933095,Lรm mรกt แปn.
3238188,32933095,Nghe thแบฅy tiแบฟng giรณ
5368255,32933095,quแบกt hฦกi yแบฟu
4379202,32933095,แปn vแปi tแบงm giรก.
3340571,32933095,Tแปt.
3340571,32933095,ฤรบng nhฦฐ quแบฃng cรกo..
4373444,32933095,แปn vแปi tแบงm giรก
5048230,32933095,mรกy rแบฅt mรกt
5282658,32933095,SP nhฦฐ hรฌnh
3382045,32933095,Good good goood good good good
4133958,32933095,Sแบฃn phแบฉm tแปt
4876414,32933095,"ฤep, chแบฅt"
3283827,32933095,Tแปt.
3283827,32933095,@....................
3865219,32933095,Quแบกt khรก yแบฟu
4908603,32933095,khรก ok
3778331,32933095,tuyรชฬฃt vฦกฬi
3981847,32933095,Quแบกt yแบฟu
4013639,32933095,Hรi lรฒng!
4591391,32933095,oj
3549208,10724668,ฦฐu: tแบฃn nhiแปt cho lap tแปt khi nแบฏp dฦฐแปi mรกy lร kim loแบกi hay bแป nแบฏp mรกy ra.
3549208,10724668,"chแปu lแปฑc tแปt,  chแบฏc chแบฏn, รกnh sรกng led xanh khรก bแบฏt mแบฏt."
3549208,10724668,"giรก phรน hแปฃp tรบi tiแปn sinh viรชn
nhฦฐแปฃc: phรกt ra tiแบฟng nhแบน khi mแปi mua, sแปญ dแปฅng khoแบฃng vรi thรกng hรฌnh nhฦฐ tiแบฟng แปn cรณ bแป to hฦกn."
3549208,10724668,hฦกi dรy nรชn viแปc mang theo trแป nรชn cแปng kแปnh tแปn khรดng gian
4382247,10724668,Thanh chแปng cรณ vแบป hฦกi yแบฟu.
4382247,10724668,Nhรฌn chung sแบฃn phแบฉm แปn.
4382247,10724668,Khรก thแบฅt vแปng vแป nhรขn viรชn giao hรng.
4382247,10724668,Nhแบญn ฤฦฐแปฃc ฤiแปn thoแบกi mรฌnh xuแปng nhแบญn khรก nhanh.
4382247,10724668,Nhฦฐng vแบซn bแป cรm rรm.
4382247,10724668,Thรกi ฤแป nรy cแปงa shiper dแบกo gแบงn ฤรขy khรก tแป.
4590547,10724668,"hรng nhฦฐ hรฌnh nhฦฐng khรดng cรณ dรขy, giแป chแบณng lแบฝ mรฌnh tแปฑ nhiรชn phแบฃi ฤi mua thรชm cแปng dรขy usb, ฤรฃ check hแปp rแบฅt kแปน nhฦฐng vแบซn khรดng thแบฅy, phiแปn quรก cรณ khi xรi nรณ lรm giรก chแปng luรดn khแปi dรนng quแบกt, haiz..."
3113015,10724668,mua sแบฃn phแบฉm mua hแปi 18/2 rแบฅt bรฌnh thฦฐแปng ฤแบฟn nay lร 6/3 thรฌ cรณ tiแบฟng แปn rรจ rรจ rแบฅt lแปn!
3113015,10724668,Khi nรขng lap lรชn xem tแบฃn nhiแปt thรฌ thแบฅy cรกnh quแบกt ฤแบฃo liรชn tแปฅc khรดng ngแปซng แป cแบฃ 2 cรกnh luรดn.
4365342,10724668,"VแปI GIร TIแปN NรY HรNG แปN, ฤแปฆ DรNG ( TUY NHIรN DO CรNG SUแบคT QUแบT CHแป ฤฦฏแปขC NHฦฏ VแบฌY NรN QUแบT TฦฏฦNG ฤแปI, KHรNG MแบNH)
ฤรP แปจNG ฤแปฆ NHU CแบฆU TแบขN NHIแปT CHO LAPTOP"
2273096,10724668,"Sai dรขy kแบฟt nแปi, chแบฃ biแบฟt quแบกt hฦฐ khรดng nแปฏa..
Trฦฐแปc thแบฅy cรณ ngฦฐแปi phแบฃn hแปi vแป viแปc giao lแปn dรขy, giแป lแบกi nhฦฐ thแบฟ tiแบฟp, bรกn hรng, kiแปm hรng, ฤรณng gรณi cรณ tรขm chรบt nhรฉ shop."
2273096,10724668,Thรขn
3437425,10724668,"Giao hรng nhanh, sแบฃn phแบฉm nhฦฐ hรฌnh."
3437425,10724668,"Lรบc dรนng cรณ rung nhแบน, nhฦฐng quแบกt tแบฃn nhiแปt tแปt vแปi cรดng suแบฅt cao , luแปng giรณ mแบกnh nรชn laptop cแปงa mรฌnh cลฉng bแปt nรณng khi cรณ ฤแบฟ tแบฃn nhiแปt nรy"
4545730,10724668,"ฤแป dรนng khรก tแปt, giao ฤรบng loแบกi lฦฐแปi mรu xanh nhฦฐ hรฌnh."
4545730,10724668,Mรกy dรนng bรฌnh thฦฐแปng rแบฅt nรณng cรณ ฤแบฟ tแบฃn nhiแปt thรฌ cแบฃm giรกc mรกt lแบกnh luรดn (mรฌnh dรนng macbook)
3061026,10724668,Sแบฃn phแบฉm tแปt nhฦฐ mรด tแบฃ.
3061026,10724668,"Quแบกt ko gรขy แปn, cรณ ฤรจn led bรกo sรกng, chรขn tฤng giแบฃm ฤแป cao tiแปn lแปฃi."
3061026,10724668,Nรณi chung lร hรi lรฒng vแปi sแบฃn phแบฉm nรy.
2658888,10724668,quแบกt chแบกy khรก yแบฟu vร แปn.
2658888,10724668,"giao hรng cแปฑc chแบญm, ฤแบทt tแปซ 9/11 mร mรฃi tแปi 20/11 mแปi giao."
2658888,10724668,ฤแป nghแป shop + tiki lรm viแปc lแบกi vแปi ฤฦกn vแป vแบญn chuyแปn.
2658888,10724668,cแปฑc kแปณ thแบฅt vแปng
3331980,10724668,"Tแบฃn nhiแปt rแบฅt hiแปu quแบฃ, kรญch thฦฐแปc vแปซa khแปp vแปi laptop 15"" trรดng khรก gแปn vร chแบฏc chแบฏn chแปฉ k nhฦฐ mแบฅy loแบกi mรฌnh mua trc ฤรขy"
3226158,10724668,"Chแบฏc chแบฏn, giao trong 2h, rแบป."
3226158,10724668,"Mรฌnh ฤแป mรn hรฌnh cao ngang tแบงm mแบฏt, nแปi thรชm keyboard  nแปฏa ฤแป tiแปn ngแปi lรm viแปc."
3226158,10724668,Cho 5sao
3305741,10724668,"tแบฅt cแบฃ mแปi thแปฉ ฤแปu ok. ฤiแปm trแปซ lร quแบกt chแบกy quรก yแบฟu, tแบฃn nhiแปt khรดng ฤc bao nhiรชu"
4405008,10724668,"Sp tแปt, chแบกy รชm, tuy nhiรชn khi nhแบญn ฤc thรฌ sp lแบกi cรณ vแบฟt gแป sรฉt 1 ฤแบงu usb, do ฤแปi trแบฃ lรขu nรชn thรดi mรฌnh giแปฏ dรนng lun."
3704124,10724668,Nhแบญn ฤฦฐแปฃc hรng thรฌ quแบกt 1 bรชn quay 1 bรชn ko quay!
3704124,10724668,H bแบฃo hรnh biแบฟt hแปi ai?
3336097,10724668,"sแบฃn phแบฉm ฤแบนp y nhฦฐ hรฌnh, quแบกt chแบกy รชm."
3336097,10724668,cรณ led luรดn.
2669229,10724668,"ฤแบทt hรng trฦฐa ngรy 22, ngรy 23 nhแบญn hรng."
2669229,10724668,Quรก nhanh.
2669229,10724668,"Sแบฃn phแบฉm rแบฅt ฦฐng รฝ, khung chแบฏc chแบฏn, quแบกt รชm, mรกt."
2669229,10724668,Hy vแปng sแบฝ bแปn.
2669229,10724668,Rแบฅt thรญch.
4068899,10724668,Dรขy nแปi 1 tg ko ฤn ฤiแปn cho quแบกt.
4068899,10724668,Chแป ฤn ฤรจn chแปฉ quแบกt ko quay.
4068899,10724668,Mรฌnh phแบฃi thay sแปฃi khรกc thรฌ vแบซn xรi dc tแปi giแป
4880069,10724668,"ฤรฃ mua sแบฃn phแบฉm nรy vร dรนng ฤฦฐแปฃc 4 thรกng , quแบกt hแปng ko chแบกy ฤฦฐแปฃc nแปฏa , mรฌnh phแบฃi mua sแบฃn phแบฉm mแปi"
3345447,10724668,Sแบฃn phแบฉm khi giao ฤรณng gรณi kฤฉ.
3345447,10724668,Nhฦฐng quแบกt bรชn trรกi khi hoแบกt ฤแปng bแป kรชu.
3345447,10724668,ฤแป nghแป shop ฤแปi lแบกi sแบฃn phแบฉm khรกc
3359122,10724668,Thแบฅy hรฌnh mรu xanh lแบกi giao ra mรu ฤen phแบงn giแปฏ laptop lรตng nhฦฐng cลฉng tแบกm ฤc ฤรจn ฤแบนp vร tแบฃn nhiแปt tแปt cho 4 sao
2311217,10724668,"m ฤแบทt 5 cรกi nhฦฐng cรณ 2 cรกi quแบกt bแป แปn, ฤรฃ liรชn hแป tแปng ฤรi nhฦฐng sao 2 ngรy nay vแบซn ko cรณ ai ghรฉ lรชn ฤแปi hรng khรกc vแบญy shop?"
2570867,10724668,"quแบกt chแบกy rแบฅt รชm , mรกy tรญnh cแปงa mรฌnh khรดng cรฒn bแป nรณng nhฦฐ trฦฐแปc nแปฏa , nรณi chung lร rแบฅt ฦฐng รฝ"
2676628,10724668,giao hรng nhanh hรng ฤc gรณi khรก kแปน vร ฤแบทc biแปt lร quแบกt chแบกy ko แปn tรฝ nรo cแบฃ mong sแบฝ ฤแปng hรnh cรนng e nรy lรขu dรi =)
3032406,10724668,"sแบฃn phแบฉm chแบฏc chแบฏn, quแบกt chแบกy tแปt, giรบp giแบฃm mรกy nรณng nhiแปu ฤแป mรกy dรนng lรขu ko nรณng"
3572511,10724668,Giao hรng nhanh.
3572511,10724668,12 tiแบฟng lร cรณ hรng r. nhฦฐng giao cแบฏm vรo khรดng chแบกy ฤฦฐแปฃc.
3572511,10724668,shop khรดng test hรng trฦฐแปc gแปญi ak
4818152,10724668,"Hรng ฤรบng nhฦฐ hรฌnh, quแบกt hฦกi yแบฟu vร แปn."
4818152,10724668,Giรก thรฌ chแบฏc chแบฏn.
4818152,10724668,Tiki giao hรng sแปm hฦกn dแปฑ kiแบฟn.
2458077,10724668,"Chแบฅt lฦฐแปฃng Ok, Khรดng แปn lแบฏm trแปซ รกp tai vรo."
2458077,10724668,sแบฃn phแบฉm nhฦฐ quแบฃng cรกo.
2458077,10724668,Giao hรng nha.
2458077,10724668,Thanks Tiki
5605487,10724668,"Hรng oke, hแปp hฦกi mรณp chรบt nhฦฐng khรดng แบฃnh hฦฐแปng tแปi sแบฃn phแบฉm bรชn trong."
5605487,10724668,Hรi lรฒng ๐
2447715,10724668,Bแบกn ฦกi sao mรฌnh thแบฅy trong แบฃnh cรณ giรก chแปng bแบฑng sแบฏt mร hรng giao cho mรฌnh khรดng cรณ vแบญy แบก
2885469,10724668,"Sแบฃn phแบฉm giรก rแบป, giแบฃm ฤฦฐแปฃc nhiแปt cแปงa laptop, cรณ 2 cแปng usb cรณ thแป gแบฏn chuแปt."
2673092,10724668,"Khรก hรi lรฒng vแป sแบฃn phแบฉm, chแบฅt lฦฐแปฃng rแบฅt tแปt, sแบฝ chแปn mua hรng thรชm khi cรณ nhu cแบงu vแป sแบฃn phแบฉm ฤรฃ mua"
2239245,10724668,ฤแบฟ nรy dรนng rแบฅt tiแปn.
2239245,10724668,"Tuy nhiรชn cรณ tแปi 2 cแปng USB mร chแป kรจm theo 1 dรขy cแบฏm, ko biแบฟt 2 dรขy cแบฏm thรฌ quแบกt cรณ mรกt hฦกn ko."
3094416,10724668,"Hiแปu quแบฃ tแบฃn nhiแปt khรดng cao, mแปi dรนng nhฦฐng quแบกt chแบกy ฤรฃ bแป แปn, gรขy tiแบฟng รดฬn khรณ chiฬฃu."
4677070,10724668,"ฤแปng cฦก mแบกnh, ฤแป trรชn bรn mร khรดng vแปฏng lร cแบฃm giรกc liแปn."
4677070,10724668,mรกy tรญnh rung theo
3854736,10724668,"bแป hแปp ฤแบนp, sr shop hแปi chiแปu ฤรกnh giรก ko cรณ dรขy, nรณ bแป rแปt nรชn ko ฤแป รฝ"
2643200,10724668,"chแบกy yแบฟu, mua vแป dc 1 ngรy mร mรกy cรฒn nรณng hฦกn lรบc chฦฐa mua."
2643200,10724668,Muแปn trแบฃ hรng lแบกi thรฌ lรm sao?
2643200,10724668,?
3095445,10724668,"Quแบกt khรดng ฤแปng tรขm nรชn run , mรตng mแบฃnh dแป gรฃy , dรนng cแป ฤแปnh thรฌ tแบกm ฤฦฐแปฃc."
3117373,10724668,mรฌnh nhแบญn hรng dc 2 ngรy thแบฅy quแบกt chแบกy khรก รชm.
3117373,10724668,sแปญ dแปฅng tแปt.
3117373,10724668,ฤรบng mรด tแบฃ.
2699165,10724668,"Quแบกt tฦฐฦกng ฤแปi mแบกnh, dรนng tแปt."
2699165,10724668,Giรก hแปฃp lรญ.
2699165,10724668,Dรนng cho mรกy 13 -15 inch ฤแปu ฤฦฐแปฃc!
2575789,10724668,"Mua mรu xanh Shop gแปญi mรu ฤen , giao hรng thรฌ chแบญm ฤแบฟn hnay mแปi nhแบญn ฤฦฐแปฃc hรng"
2937703,10724668,"sแบฃn phแบฉm dรนng tแปt, ฤรบng nhฦฐ hรฌnh, xรi hฦกn 3 thรกng vแบซn rแบฅt hรi lรฒng"
2445601,10724668,"Quแบกt chแบกy รชm nhฦฐng thแบฅy giรณ nhรจ nhแบน chแปฉ khรดng mแบกnh, nรณi chung vแปซa tแบงm giรก"
2595108,10724668,Minh dang su dแปฅng hang cua shop thay cung ok. Hฦกi keu mot tรญ ma nhแป thรดi.
2595108,10724668,Tks shop.
4646550,10724668,ok chแป lร hฦกi mรนi tรฝ nhฦฐng chแบฏc chแบฏn vร nรชn mua
5236464,10724668,"mรกy chแป cรณ mแปt quแบกt xoay, 1 quแบกt khรดng xoay"
3568286,10724668,"Sแบฃn phแบฉm nhฦฐ hรฌnh, giao hรng nhanh, ฤรณng gรณi cแบฉn thแบญn"
2237537,10724668,"Hang tแปt, ฤรบng nhฦฐ mรด tแบฃ, ฤang dรนng bรฌnh thฦฐแปng, tiki giao hรng ฤรบng hแบนn"
3120913,10724668,Hรng ko nhฦฐ hรฌnh quแบกt mรกt nhฦฐng mรกy vแบซn nรณng giรก oke
2696040,10724668,Khรกc mรu trong hรฌnh nhฦฐng chแบฅt lฦฐแปฃng tแปt.
2696040,10724668,ฤรกng giรก tiแปn.
